,classification_id,username,created_at,subject_data,subject_id,age_group,validity,angle,intersection_point_x,intersection_point_y,major_axis_length,major_x1,major_y1,major_x2,major_y2,minor_axis_length,minor_x1,minor_y1,minor_x2,minor_y2
0,115000288,not-logged-in-e6dac9dc08c249e59599,2018-06-21 12:31,"{""8735431"":{""retired"":{""id"":5262704,""workflow_id"":3449,""classifications_count"":265,""created_at"":""2017-04-03T18:03:34.783Z"",""updated_at"":""2017-04-15T17:23:00.965Z"",""retired_at"":""2017-04-15T17:23:00.926Z"",""subject_id"":8735431,""retirement_reason"":""classification_count""},"""":"""",""latitude"":""-37.8228"",""longitude"":""178.28613"",""image_name"":""deLange_11688_F._rostrata_branch_10x_00077.jpg"",""collector_name"":""Peter de Lange"",""data_collected"":""May 13, 2005"",""other comments"":""On bark""}}",8735431,10 and Under,Good,-89.90272372756966,518.06960951,150.36502547,132.4424403278647,452.0,135.0,581.0,165.0,66.70832032063167,511.0,181.0,526.0,116.0
0,115000288,not-logged-in-e6dac9dc08c249e59599,2018-06-21 12:31,"{""8735431"":{""retired"":{""id"":5262704,""workflow_id"":3449,""classifications_count"":265,""created_at"":""2017-04-03T18:03:34.783Z"",""updated_at"":""2017-04-15T17:23:00.965Z"",""retired_at"":""2017-04-15T17:23:00.926Z"",""subject_id"":8735431,""retirement_reason"":""classification_count""},"""":"""",""latitude"":""-37.8228"",""longitude"":""178.28613"",""image_name"":""deLange_11688_F._rostrata_branch_10x_00077.jpg"",""collector_name"":""Peter de Lange"",""data_collected"":""May 13, 2005"",""other comments"":""On bark""}}",8735431,10 and Under,Good,-83.5290246366898,401.54531947,149.36849926,145.3616180427282,345.0,120.0,474.0,187.0,69.8927750200262,387.0,171.0,426.0,113.0
0,115000288,not-logged-in-e6dac9dc08c249e59599,2018-06-21 12:31,"{""8735431"":{""retired"":{""id"":5262704,""workflow_id"":3449,""classifications_count"":265,""created_at"":""2017-04-03T18:03:34.783Z"",""updated_at"":""2017-04-15T17:23:00.965Z"",""retired_at"":""2017-04-15T17:23:00.926Z"",""subject_id"":8735431,""retirement_reason"":""classification_count""},"""":"""",""latitude"":""-37.8228"",""longitude"":""178.28613"",""image_name"":""deLange_11688_F._rostrata_branch_10x_00077.jpg"",""collector_name"":""Peter de Lange"",""data_collected"":""May 13, 2005"",""other comments"":""On bark""}}",8735431,10 and Under,Good,-83.10691881212256,272.02757158,136.21208908,139.6710420953463,225.0,110.0,347.0,178.0,81.60882305241266,246.0,172.0,294.0,106.0
0,115000288,not-logged-in-e6dac9dc08c249e59599,2018-06-21 12:31,"{""8735431"":{""retired"":{""id"":5262704,""workflow_id"":3449,""classifications_count"":265,""created_at"":""2017-04-03T18:03:34.783Z"",""updated_at"":""2017-04-15T17:23:00.965Z"",""retired_at"":""2017-04-15T17:23:00.926Z"",""subject_id"":8735431,""retirement_reason"":""classification_count""},"""":"""",""latitude"":""-37.8228"",""longitude"":""178.28613"",""image_name"":""deLange_11688_F._rostrata_branch_10x_00077.jpg"",""collector_name"":""Peter de Lange"",""data_collected"":""May 13, 2005"",""other comments"":""On bark""}}",8735431,10 and Under,Good,-82.54445205698872,125.38802701,145.84394963,141.1523999087511,73.0,126.0,205.0,176.0,78.29431652425353,106.0,182.0,143.0,113.0
0,115000288,not-logged-in-e6dac9dc08c249e59599,2018-06-21 12:31,"{""8735431"":{""retired"":{""id"":5262704,""workflow_id"":3449,""classifications_count"":265,""created_at"":""2017-04-03T18:03:34.783Z"",""updated_at"":""2017-04-15T17:23:00.965Z"",""retired_at"":""2017-04-15T17:23:00.926Z"",""subject_id"":8735431,""retirement_reason"":""classification_count""},"""":"""",""latitude"":""-37.8228"",""longitude"":""178.28613"",""image_name"":""deLange_11688_F._rostrata_branch_10x_00077.jpg"",""collector_name"":""Peter de Lange"",""data_collected"":""May 13, 2005"",""other comments"":""On bark""}}",8735431,10 and Under,Good,87.0037469286186,86.09511766,352.6246976,135.18135966175217,21.0,356.0,156.0,349.0,67.36467917239716,83.0,323.0,90.0,390.0
0,115000288,not-logged-in-e6dac9dc08c249e59599,2018-06-21 12:31,"{""8735431"":{""retired"":{""id"":5262704,""workflow_id"":3449,""classifications_count"":265,""created_at"":""2017-04-03T18:03:34.783Z"",""updated_at"":""2017-04-15T17:23:00.965Z"",""retired_at"":""2017-04-15T17:23:00.926Z"",""subject_id"":8735431,""retirement_reason"":""classification_count""},"""":"""",""latitude"":""-37.8228"",""longitude"":""178.28613"",""image_name"":""deLange_11688_F._rostrata_branch_10x_00077.jpg"",""collector_name"":""Peter de Lange"",""data_collected"":""May 13, 2005"",""other comments"":""On bark""}}",8735431,10 and Under,Good,-82.77280671168693,212.08550725,387.02608696,115.52056094046635,151.0,400.0,264.0,376.0,72.24956747275377,209.0,350.0,215.0,422.0
0,115000288,not-logged-in-e6dac9dc08c249e59599,2018-06-21 12:31,"{""8735431"":{""retired"":{""id"":5262704,""workflow_id"":3449,""classifications_count"":265,""created_at"":""2017-04-03T18:03:34.783Z"",""updated_at"":""2017-04-15T17:23:00.965Z"",""retired_at"":""2017-04-15T17:23:00.926Z"",""subject_id"":8735431,""retirement_reason"":""classification_count""},"""":"""",""latitude"":""-37.8228"",""longitude"":""178.28613"",""image_name"":""deLange_11688_F._rostrata_branch_10x_00077.jpg"",""collector_name"":""Peter de Lange"",""data_collected"":""May 13, 2005"",""other comments"":""On bark""}}",8735431,10 and Under,Good,-87.42926288930948,329.79918367,379.16489796,139.71399357258383,271.0,393.0,407.0,361.0,70.21395872616783,326.0,359.0,339.0,428.0
0,115000288,not-logged-in-e6dac9dc08c249e59599,2018-06-21 12:31,"{""8735431"":{""retired"":{""id"":5262704,""workflow_id"":3449,""classifications_count"":265,""created_at"":""2017-04-03T18:03:34.783Z"",""updated_at"":""2017-04-15T17:23:00.965Z"",""retired_at"":""2017-04-15T17:23:00.926Z"",""subject_id"":8735431,""retirement_reason"":""classification_count""},"""":"""",""latitude"":""-37.8228"",""longitude"":""178.28613"",""image_name"":""deLange_11688_F._rostrata_branch_10x_00077.jpg"",""collector_name"":""Peter de Lange"",""data_collected"":""May 13, 2005"",""other comments"":""On bark""}}",8735431,10 and Under,Good,86.71035877636646,481.10868245,383.42683667,138.49548729110273,410.0,402.0,544.0,367.0,71.47027354082255,469.0,346.0,491.0,414.0
0,115000288,not-logged-in-e6dac9dc08c249e59599,2018-06-21 12:31,"{""8735431"":{""retired"":{""id"":5262704,""workflow_id"":3449,""classifications_count"":265,""created_at"":""2017-04-03T18:03:34.783Z"",""updated_at"":""2017-04-15T17:23:00.965Z"",""retired_at"":""2017-04-15T17:23:00.926Z"",""subject_id"":8735431,""retirement_reason"":""classification_count""},"""":"""",""latitude"":""-37.8228"",""longitude"":""178.28613"",""image_name"":""deLange_11688_F._rostrata_branch_10x_00077.jpg"",""collector_name"":""Peter de Lange"",""data_collected"":""May 13, 2005"",""other comments"":""On bark""}}",8735431,10 and Under,Good,89.6537818250995,605.16512085,356.74985947,117.5457357797381,555.0,377.0,664.0,333.0,60.53924347066124,595.0,332.0,618.0,388.0
0,115000288,not-logged-in-e6dac9dc08c249e59599,2018-06-21 12:31,"{""8735431"":{""retired"":{""id"":5262704,""workflow_id"":3449,""classifications_count"":265,""created_at"":""2017-04-03T18:03:34.783Z"",""updated_at"":""2017-04-15T17:23:00.965Z"",""retired_at"":""2017-04-15T17:23:00.926Z"",""subject_id"":8735431,""retirement_reason"":""classification_count""},"""":"""",""latitude"":""-37.8228"",""longitude"":""178.28613"",""image_name"":""deLange_11688_F._rostrata_branch_10x_00077.jpg"",""collector_name"":""Peter de Lange"",""data_collected"":""May 13, 2005"",""other comments"":""On bark""}}",8735431,10 and Under,Bad,-10.033120554331168,641.0,126.14615385,,,,,,,,,,
0,115001053,not-logged-in-e6dac9dc08c249e59599,2018-06-21 12:35,"{""8735415"":{""retired"":{""id"":5262890,""workflow_id"":3449,""classifications_count"":266,""created_at"":""2017-04-03T18:15:51.727Z"",""updated_at"":""2017-04-16T16:59:25.611Z"",""retired_at"":""2017-04-16T16:59:25.591Z"",""subject_id"":8735415,""retirement_reason"":""classification_count""},"""":"""",""latitude"":""-55.03218"",""longitude"":""-69.61062"",""image_name"":""BS_14612_stem_100x_00217.jpg"",""collector_name"":""Blanka Shaw"",""data_collected"":""Jan 19, 2008"",""other comments"":""On bark""}}",8735415,11-17 years,Good,-88.30835976693675,94.62678651,420.1661456,174.77127910500627,39.0,480.0,158.0,352.0,102.53292154230269,61.0,387.0,134.0,459.0
0,115001053,not-logged-in-e6dac9dc08c249e59599,2018-06-21 12:35,"{""8735415"":{""retired"":{""id"":5262890,""workflow_id"":3449,""classifications_count"":266,""created_at"":""2017-04-03T18:15:51.727Z"",""updated_at"":""2017-04-16T16:59:25.611Z"",""retired_at"":""2017-04-16T16:59:25.591Z"",""subject_id"":8735415,""retirement_reason"":""classification_count""},"""":"""",""latitude"":""-55.03218"",""longitude"":""-69.61062"",""image_name"":""BS_14612_stem_100x_00217.jpg"",""collector_name"":""Blanka Shaw"",""data_collected"":""Jan 19, 2008"",""other comments"":""On bark""}}",8735415,11-17 years,Good,87.20061435197559,259.98561841,345.19846596,186.3866948041088,215.0,414.0,317.0,258.0,100.84641788382967,217.0,320.0,304.0,371.0
0,115001053,not-logged-in-e6dac9dc08c249e59599,2018-06-21 12:35,"{""8735415"":{""retired"":{""id"":5262890,""workflow_id"":3449,""classifications_count"":266,""created_at"":""2017-04-03T18:15:51.727Z"",""updated_at"":""2017-04-16T16:59:25.611Z"",""retired_at"":""2017-04-16T16:59:25.591Z"",""subject_id"":8735415,""retirement_reason"":""classification_count""},"""":"""",""latitude"":""-55.03218"",""longitude"":""-69.61062"",""image_name"":""BS_14612_stem_100x_00217.jpg"",""collector_name"":""Blanka Shaw"",""data_collected"":""Jan 19, 2008"",""other comments"":""On bark""}}",8735415,11-17 years,Good,88.30969275574849,402.84127755,245.1814925,170.03823099526764,365.0,304.0,457.0,161.0,96.89685237405806,371.0,226.0,454.0,276.0
0,115001053,not-logged-in-e6dac9dc08c249e59599,2018-06-21 12:35,"{""8735415"":{""retired"":{""id"":5262890,""workflow_id"":3449,""classifications_count"":266,""created_at"":""2017-04-03T18:15:51.727Z"",""updated_at"":""2017-04-16T16:59:25.611Z"",""retired_at"":""2017-04-16T16:59:25.591Z"",""subject_id"":8735415,""retirement_reason"":""classification_count""},"""":"""",""latitude"":""-55.03218"",""longitude"":""-69.61062"",""image_name"":""BS_14612_stem_100x_00217.jpg"",""collector_name"":""Blanka Shaw"",""data_collected"":""Jan 19, 2008"",""other comments"":""On bark""}}",8735415,11-17 years,Good,84.15348872741106,578.11764706,122.03267974,172.88724649319857,548.0,199.0,611.0,38.0,93.40770846134703,542.0,112.0,632.0,137.0
0,115001053,not-logged-in-e6dac9dc08c249e59599,2018-06-21 12:35,"{""8735415"":{""retired"":{""id"":5262890,""workflow_id"":3449,""classifications_count"":266,""created_at"":""2017-04-03T18:15:51.727Z"",""updated_at"":""2017-04-16T16:59:25.611Z"",""retired_at"":""2017-04-16T16:59:25.591Z"",""subject_id"":8735415,""retirement_reason"":""classification_count""},"""":"""",""latitude"":""-55.03218"",""longitude"":""-69.61062"",""image_name"":""BS_14612_stem_100x_00217.jpg"",""collector_name"":""Blanka Shaw"",""data_collected"":""Jan 19, 2008"",""other comments"":""On bark""}}",8735415,11-17 years,Good,80.78291737161807,166.3858945,54.27408257,153.3101431738944,123.0,66.0,271.0,26.0,92.19544457292888,183.0,91.0,145.0,7.0
0,115001053,not-logged-in-e6dac9dc08c249e59599,2018-06-21 12:35,"{""8735415"":{""retired"":{""id"":5262890,""workflow_id"":3449,""classifications_count"":266,""created_at"":""2017-04-03T18:15:51.727Z"",""updated_at"":""2017-04-16T16:59:25.611Z"",""retired_at"":""2017-04-16T16:59:25.591Z"",""subject_id"":8735415,""retirement_reason"":""classification_count""},"""":"""",""latitude"":""-55.03218"",""longitude"":""-69.61062"",""image_name"":""BS_14612_stem_100x_00217.jpg"",""collector_name"":""Blanka Shaw"",""data_collected"":""Jan 19, 2008"",""other comments"":""On bark""}}",8735415,11-17 years,Good,84.3611375612698,36.782059,122.09632751,111.16204388189342,109.0,126.0,-2.0,120.0,90.08884503644167,35.0,82.0,39.0,172.0
0,115001261,not-logged-in-e6dac9dc08c249e59599,2018-06-21 12:37,"{""8735474"":{""retired"":{""id"":5260607,""workflow_id"":3449,""classifications_count"":1412,""created_at"":""2017-04-03T16:02:51.246Z"",""updated_at"":""2017-04-19T23:57:02.419Z"",""retired_at"":""2017-04-19T23:57:02.385Z"",""subject_id"":8735474,""retirement_reason"":""classification_count""},"""":"""",""latitude"":""-40.96726"",""longitude"":""175.8757611"",""image_name"":""PLD_12021_branch100x_00018.jpg"",""collector_name"":""Peter de Lange"",""data_collected"":""Feb 26, 2009"",""other comments"":""Corticolous on rohata (Lophomyrtus obcordata) in dense alluvial forest""}}",8735474,18+,Good,-82.75309260092237,130.90878841,212.21902525,185.06485349736184,114.0,283.0,157.0,103.0,83.48652585896721,92.0,208.0,175.0,217.0
0,115002657,not-logged-in-e6dac9dc08c249e59599,2018-06-21 12:47,"{""8735479"":{""retired"":{""id"":5264615,""workflow_id"":3449,""classifications_count"":379,""created_at"":""2017-04-03T19:36:13.120Z"",""updated_at"":""2017-04-18T18:53:33.027Z"",""retired_at"":""2017-04-18T18:53:33.002Z"",""subject_id"":8735479,""retirement_reason"":""classification_count""},"""":"""",""latitude"":""-40.96726"",""longitude"":""175.8757611"",""image_name"":""PLD_12021_branch100x_00022.jpg"",""collector_name"":""Peter de Lange"",""data_collected"":""Feb 26, 2009"",""other comments"":""Corticolous on rohata (Lophomyrtus obcordata) in dense alluvial forest""}}",8735479,10 and Under,Good,88.89555821301462,577.24009462,133.19290361,185.6906028855526,563.0,238.0,588.0,54.0,91.0823802938856,531.0,126.0,621.0,140.0
0,115003258,not-logged-in-e6dac9dc08c249e59599,2018-06-21 12:52,"{""8735427"":{""retired"":{""id"":5425182,""workflow_id"":3449,""classifications_count"":347,""created_at"":""2017-04-05T16:45:39.342Z"",""updated_at"":""2017-04-18T17:46:47.210Z"",""retired_at"":""2017-04-18T17:46:47.181Z"",""subject_id"":8735427,""retirement_reason"":""classification_count""},"""":"""",""latitude"":""-54.90869"",""longitude"":""-70.43298"",""image_name"":""BS_15628_stem_100x_00012 2.jpg"",""collector_name"":""Blanka Shaw"",""data_collected"":""Feb 4, 2008"",""other comments"":""On bark""}}",8735427,Skip,Good,83.59441554007033,376.49,230.122,167.6722994414999,371.0,169.0,386.0,336.0,90.0222194794152,326.0,229.0,416.0,231.0
0,115004432,not-logged-in-e6dac9dc08c249e59599,2018-06-21 13:01,"{""8735415"":{""retired"":{""id"":5262890,""workflow_id"":3449,""classifications_count"":266,""created_at"":""2017-04-03T18:15:51.727Z"",""updated_at"":""2017-04-16T16:59:25.611Z"",""retired_at"":""2017-04-16T16:59:25.591Z"",""subject_id"":8735415,""retirement_reason"":""classification_count""},"""":"""",""latitude"":""-55.03218"",""longitude"":""-69.61062"",""image_name"":""BS_14612_stem_100x_00217.jpg"",""collector_name"":""Blanka Shaw"",""data_collected"":""Jan 19, 2008"",""other comments"":""On bark""}}",8735415,18+,Bad,-79.89238435120608,235.96989836,363.34675528,,,,,,,,,,
0,115004432,not-logged-in-e6dac9dc08c249e59599,2018-06-21 13:01,"{""8735415"":{""retired"":{""id"":5262890,""workflow_id"":3449,""classifications_count"":266,""created_at"":""2017-04-03T18:15:51.727Z"",""updated_at"":""2017-04-16T16:59:25.611Z"",""retired_at"":""2017-04-16T16:59:25.591Z"",""subject_id"":8735415,""retirement_reason"":""classification_count""},"""":"""",""latitude"":""-55.03218"",""longitude"":""-69.61062"",""image_name"":""BS_14612_stem_100x_00217.jpg"",""collector_name"":""Blanka Shaw"",""data_collected"":""Jan 19, 2008"",""other comments"":""On bark""}}",8735415,18+,Good,89.585154461289,399.13032985,265.66693484,172.88724649319857,444.0,151.0,381.0,312.0,100.65783625729296,353.0,248.0,447.0,284.0
0,115004432,not-logged-in-e6dac9dc08c249e59599,2018-06-21 13:01,"{""8735415"":{""retired"":{""id"":5262890,""workflow_id"":3449,""classifications_count"":266,""created_at"":""2017-04-03T18:15:51.727Z"",""updated_at"":""2017-04-16T16:59:25.611Z"",""retired_at"":""2017-04-16T16:59:25.591Z"",""subject_id"":8735415,""retirement_reason"":""classification_count""},"""":"""",""latitude"":""-55.03218"",""longitude"":""-69.61062"",""image_name"":""BS_14612_stem_100x_00217.jpg"",""collector_name"":""Blanka Shaw"",""data_collected"":""Jan 19, 2008"",""other comments"":""On bark""}}",8735415,18+,Good,-89.29268063145574,573.74074074,149.03703704,160.80111939908875,600.0,44.0,561.0,200.0,98.2344135219425,528.0,137.0,623.0,162.0
0,115004432,not-logged-in-e6dac9dc08c249e59599,2018-06-21 13:01,"{""8735415"":{""retired"":{""id"":5262890,""workflow_id"":3449,""classifications_count"":266,""created_at"":""2017-04-03T18:15:51.727Z"",""updated_at"":""2017-04-16T16:59:25.611Z"",""retired_at"":""2017-04-16T16:59:25.591Z"",""subject_id"":8735415,""retirement_reason"":""classification_count""},"""":"""",""latitude"":""-55.03218"",""longitude"":""-69.61062"",""image_name"":""BS_14612_stem_100x_00217.jpg"",""collector_name"":""Blanka Shaw"",""data_collected"":""Jan 19, 2008"",""other comments"":""On bark""}}",8735415,18+,Good,-86.13088418602385,70.82954829,437.09358622,153.00326793895613,25.0,471.0,148.0,380.0,104.9952379872535,41.0,402.0,109.0,482.0
0,115005000,not-logged-in-e6dac9dc08c249e59599,2018-06-21 13:08,"{""8735460"":{""retired"":{""id"":5265758,""workflow_id"":3449,""classifications_count"":1388,""created_at"":""2017-04-03T20:35:22.667Z"",""updated_at"":""2017-04-20T00:16:15.602Z"",""retired_at"":""2017-04-20T00:16:14.834Z"",""subject_id"":8735460,""retirement_reason"":""classification_count""},"""":"""",""latitude"":""-40.96726"",""longitude"":""175.8757611"",""image_name"":""PLD_12021_branch100x_00005.jpg"",""collector_name"":""Peter de Lange"",""data_collected"":""Feb 26, 2009"",""other comments"":""Corticolous on rohata (Lophomyrtus obcordata) in dense alluvial forest""}}",8735460,10 and Under,Good,-88.92414937920873,380.18075117,414.92723005,187.32325002519042,386.0,316.0,375.0,503.0,100.07996802557443,332.0,413.0,432.0,417.0
0,115005013,not-logged-in-e6dac9dc08c249e59599,2018-06-21 13:08,"{""8735427"":{""retired"":{""id"":5425182,""workflow_id"":3449,""classifications_count"":347,""created_at"":""2017-04-05T16:45:39.342Z"",""updated_at"":""2017-04-18T17:46:47.210Z"",""retired_at"":""2017-04-18T17:46:47.181Z"",""subject_id"":8735427,""retirement_reason"":""classification_count""},"""":"""",""latitude"":""-54.90869"",""longitude"":""-70.43298"",""image_name"":""BS_15628_stem_100x_00012 2.jpg"",""collector_name"":""Blanka Shaw"",""data_collected"":""Feb 4, 2008"",""other comments"":""On bark""}}",8735427,10 and Under,Good,-88.30637725363732,376.24554801,256.83536053,163.44112089679268,370.0,172.0,382.0,335.0,91.08786966440702,327.0,259.0,418.0,255.0
0,115005491,not-logged-in-e6dac9dc08c249e59599,2018-06-21 13:14,"{""8735415"":{""retired"":{""id"":5262890,""workflow_id"":3449,""classifications_count"":266,""created_at"":""2017-04-03T18:15:51.727Z"",""updated_at"":""2017-04-16T16:59:25.611Z"",""retired_at"":""2017-04-16T16:59:25.591Z"",""subject_id"":8735415,""retirement_reason"":""classification_count""},"""":"""",""latitude"":""-55.03218"",""longitude"":""-69.61062"",""image_name"":""BS_14612_stem_100x_00217.jpg"",""collector_name"":""Blanka Shaw"",""data_collected"":""Jan 19, 2008"",""other comments"":""On bark""}}",8735415,11-17 years,Good,-82.07227593121058,82.06304287,420.32025778,152.0526224699857,127.0,357.0,39.0,481.0,94.79451460923254,52.0,392.0,121.0,457.0
0,115005491,not-logged-in-e6dac9dc08c249e59599,2018-06-21 13:14,"{""8735415"":{""retired"":{""id"":5262890,""workflow_id"":3449,""classifications_count"":266,""created_at"":""2017-04-03T18:15:51.727Z"",""updated_at"":""2017-04-16T16:59:25.611Z"",""retired_at"":""2017-04-16T16:59:25.591Z"",""subject_id"":8735415,""retirement_reason"":""classification_count""},"""":"""",""latitude"":""-55.03218"",""longitude"":""-69.61062"",""image_name"":""BS_14612_stem_100x_00217.jpg"",""collector_name"":""Blanka Shaw"",""data_collected"":""Jan 19, 2008"",""other comments"":""On bark""}}",8735415,11-17 years,Bad,-78.97013880786976,256.01222666,342.85304491,,,,,,,,,,
0,115005491,not-logged-in-e6dac9dc08c249e59599,2018-06-21 13:14,"{""8735415"":{""retired"":{""id"":5262890,""workflow_id"":3449,""classifications_count"":266,""created_at"":""2017-04-03T18:15:51.727Z"",""updated_at"":""2017-04-16T16:59:25.611Z"",""retired_at"":""2017-04-16T16:59:25.591Z"",""subject_id"":8735415,""retirement_reason"":""classification_count""},"""":"""",""latitude"":""-55.03218"",""longitude"":""-69.61062"",""image_name"":""BS_14612_stem_100x_00217.jpg"",""collector_name"":""Blanka Shaw"",""data_collected"":""Jan 19, 2008"",""other comments"":""On bark""}}",8735415,11-17 years,Good,-81.62211790032211,163.18545455,44.96909091,158.15182578775372,253.0,30.0,97.0,56.0,91.39474820797966,150.0,4.0,178.0,91.0
0,115005491,not-logged-in-e6dac9dc08c249e59599,2018-06-21 13:14,"{""8735415"":{""retired"":{""id"":5262890,""workflow_id"":3449,""classifications_count"":266,""created_at"":""2017-04-03T18:15:51.727Z"",""updated_at"":""2017-04-16T16:59:25.611Z"",""retired_at"":""2017-04-16T16:59:25.591Z"",""subject_id"":8735415,""retirement_reason"":""classification_count""},"""":"""",""latitude"":""-55.03218"",""longitude"":""-69.61062"",""image_name"":""BS_14612_stem_100x_00217.jpg"",""collector_name"":""Blanka Shaw"",""data_collected"":""Jan 19, 2008"",""other comments"":""On bark""}}",8735415,11-17 years,Bad,-79.45560637086287,403.7644741,248.41084375,,,,,,,,,,
0,115005491,not-logged-in-e6dac9dc08c249e59599,2018-06-21 13:14,"{""8735415"":{""retired"":{""id"":5262890,""workflow_id"":3449,""classifications_count"":266,""created_at"":""2017-04-03T18:15:51.727Z"",""updated_at"":""2017-04-16T16:59:25.611Z"",""retired_at"":""2017-04-16T16:59:25.591Z"",""subject_id"":8735415,""retirement_reason"":""classification_count""},"""":"""",""latitude"":""-55.03218"",""longitude"":""-69.61062"",""image_name"":""BS_14612_stem_100x_00217.jpg"",""collector_name"":""Blanka Shaw"",""data_collected"":""Jan 19, 2008"",""other comments"":""On bark""}}",8735415,11-17 years,Bad,-76.18146493250066,577.85819417,135.6099632,,,,,,,,,,
0,115005491,not-logged-in-e6dac9dc08c249e59599,2018-06-21 13:14,"{""8735415"":{""retired"":{""id"":5262890,""workflow_id"":3449,""classifications_count"":266,""created_at"":""2017-04-03T18:15:51.727Z"",""updated_at"":""2017-04-16T16:59:25.611Z"",""retired_at"":""2017-04-16T16:59:25.591Z"",""subject_id"":8735415,""retirement_reason"":""classification_count""},"""":"""",""latitude"":""-55.03218"",""longitude"":""-69.61062"",""image_name"":""BS_14612_stem_100x_00217.jpg"",""collector_name"":""Blanka Shaw"",""data_collected"":""Jan 19, 2008"",""other comments"":""On bark""}}",8735415,11-17 years,Bad,-74.47462019044809,35.38385573,121.71532847,,,,,,,,,,
0,115005528,not-logged-in-e6dac9dc08c249e59599,2018-06-21 13:14,"{""8735433"":{""retired"":{""id"":5342615,""workflow_id"":3449,""classifications_count"":271,""created_at"":""2017-04-04T16:42:54.620Z"",""updated_at"":""2017-04-18T16:27:20.197Z"",""retired_at"":""2017-04-18T16:27:20.067Z"",""subject_id"":8735433,""retirement_reason"":""classification_count""},"""":"""",""latitude"":""-29.26666667"",""longitude"":""-177.9166667"",""image_name"":""Dna_F063_stem_100x_00116.jpg"",""collector_name"":""R.J. Stanley"",""data_collected"":""Dec 31, 2001"",""other comments"":""on fallen pohutukawa, with Metalejeunea""}}",8735433,11-17 years,Bad,-76.78514512468583,511.05,445.62857143,,,,,,,,,,
0,115005528,not-logged-in-e6dac9dc08c249e59599,2018-06-21 13:14,"{""8735433"":{""retired"":{""id"":5342615,""workflow_id"":3449,""classifications_count"":271,""created_at"":""2017-04-04T16:42:54.620Z"",""updated_at"":""2017-04-18T16:27:20.197Z"",""retired_at"":""2017-04-18T16:27:20.067Z"",""subject_id"":8735433,""retirement_reason"":""classification_count""},"""":"""",""latitude"":""-29.26666667"",""longitude"":""-177.9166667"",""image_name"":""Dna_F063_stem_100x_00116.jpg"",""collector_name"":""R.J. Stanley"",""data_collected"":""Dec 31, 2001"",""other comments"":""on fallen pohutukawa, with Metalejeunea""}}",8735433,11-17 years,Good,-81.74056202012119,282.13027295,497.34491315,135.5322839769182,222.0,492.0,357.0,504.0,72.11102550927978,280.0,459.0,284.0,531.0
0,115005528,not-logged-in-e6dac9dc08c249e59599,2018-06-21 13:14,"{""8735433"":{""retired"":{""id"":5342615,""workflow_id"":3449,""classifications_count"":271,""created_at"":""2017-04-04T16:42:54.620Z"",""updated_at"":""2017-04-18T16:27:20.197Z"",""retired_at"":""2017-04-18T16:27:20.067Z"",""subject_id"":8735433,""retirement_reason"":""classification_count""},"""":"""",""latitude"":""-29.26666667"",""longitude"":""-177.9166667"",""image_name"":""Dna_F063_stem_100x_00116.jpg"",""collector_name"":""R.J. Stanley"",""data_collected"":""Dec 31, 2001"",""other comments"":""on fallen pohutukawa, with Metalejeunea""}}",8735433,11-17 years,Good,88.46736820964205,180.42140468,356.18060201,129.46814279968643,124.0,332.0,243.0,383.0,78.54934754662193,194.0,322.0,165.0,395.0
0,115005528,not-logged-in-e6dac9dc08c249e59599,2018-06-21 13:14,"{""8735433"":{""retired"":{""id"":5342615,""workflow_id"":3449,""classifications_count"":271,""created_at"":""2017-04-04T16:42:54.620Z"",""updated_at"":""2017-04-18T16:27:20.197Z"",""retired_at"":""2017-04-18T16:27:20.067Z"",""subject_id"":8735433,""retirement_reason"":""classification_count""},"""":"""",""latitude"":""-29.26666667"",""longitude"":""-177.9166667"",""image_name"":""Dna_F063_stem_100x_00116.jpg"",""collector_name"":""R.J. Stanley"",""data_collected"":""Dec 31, 2001"",""other comments"":""on fallen pohutukawa, with Metalejeunea""}}",8735433,11-17 years,Good,89.55979864314023,92.26993341,262.22707871,144.34680460612904,17.0,257.0,161.0,267.0,81.15417426109393,95.0,218.0,90.0,299.0
0,115005528,not-logged-in-e6dac9dc08c249e59599,2018-06-21 13:14,"{""8735433"":{""retired"":{""id"":5342615,""workflow_id"":3449,""classifications_count"":271,""created_at"":""2017-04-04T16:42:54.620Z"",""updated_at"":""2017-04-18T16:27:20.197Z"",""retired_at"":""2017-04-18T16:27:20.067Z"",""subject_id"":8735433,""retirement_reason"":""classification_count""},"""":"""",""latitude"":""-29.26666667"",""longitude"":""-177.9166667"",""image_name"":""Dna_F063_stem_100x_00116.jpg"",""collector_name"":""R.J. Stanley"",""data_collected"":""Dec 31, 2001"",""other comments"":""on fallen pohutukawa, with Metalejeunea""}}",8735433,11-17 years,Good,-84.26805439907405,424.74905897,293.79924718,125.0959631642844,389.0,349.0,457.0,244.0,96.04686356149273,385.0,262.0,460.0,322.0
0,115005528,not-logged-in-e6dac9dc08c249e59599,2018-06-21 13:14,"{""8735433"":{""retired"":{""id"":5342615,""workflow_id"":3449,""classifications_count"":271,""created_at"":""2017-04-04T16:42:54.620Z"",""updated_at"":""2017-04-18T16:27:20.197Z"",""retired_at"":""2017-04-18T16:27:20.067Z"",""subject_id"":8735433,""retirement_reason"":""classification_count""},"""":"""",""latitude"":""-29.26666667"",""longitude"":""-177.9166667"",""image_name"":""Dna_F063_stem_100x_00116.jpg"",""collector_name"":""R.J. Stanley"",""data_collected"":""Dec 31, 2001"",""other comments"":""on fallen pohutukawa, with Metalejeunea""}}",8735433,11-17 years,Bad,-71.60100033757149,333.16025427,168.30260957,,,,,,,,,,
0,115006009,not-logged-in-e6dac9dc08c249e59599,2018-06-21 13:21,"{""8735443"":{""retired"":{""id"":5262696,""workflow_id"":3449,""classifications_count"":267,""created_at"":""2017-04-03T18:02:42.867Z"",""updated_at"":""2017-04-17T19:38:58.403Z"",""retired_at"":""2017-04-17T19:38:58.335Z"",""subject_id"":8735443,""retirement_reason"":""classification_count""},"""":"""",""latitude"":""-37.55259944"",""longitude"":""178.1640586"",""image_name"":""PDL_11610_br_K_X100_00115.jpg"",""collector_name"":""Peter de Lange"",""data_collected"":""Jan 25, 2009"",""other comments"":""On cobbled beach, corticolous on pohutukawa (Metrosideros excelsa)""}}",8735443,10 and Under,Good,84.49688761371391,442.57509881,238.70256917,166.58031096140985,495.0,146.0,413.0,291.0,85.44588931013593,413.0,218.0,483.0,267.0
0,115006009,not-logged-in-e6dac9dc08c249e59599,2018-06-21 13:21,"{""8735443"":{""retired"":{""id"":5262696,""workflow_id"":3449,""classifications_count"":267,""created_at"":""2017-04-03T18:02:42.867Z"",""updated_at"":""2017-04-17T19:38:58.403Z"",""retired_at"":""2017-04-17T19:38:58.335Z"",""subject_id"":8735443,""retirement_reason"":""classification_count""},"""":"""",""latitude"":""-37.55259944"",""longitude"":""178.1640586"",""image_name"":""PDL_11610_br_K_X100_00115.jpg"",""collector_name"":""Peter de Lange"",""data_collected"":""Jan 25, 2009"",""other comments"":""On cobbled beach, corticolous on pohutukawa (Metrosideros excelsa)""}}",8735443,10 and Under,Good,-85.60129464500447,620.69230769,162.61538462,147.58048651498612,650.0,104.0,584.0,236.0,81.6333265278342,583.0,140.0,653.0,182.0
0,115006009,not-logged-in-e6dac9dc08c249e59599,2018-06-21 13:21,"{""8735443"":{""retired"":{""id"":5262696,""workflow_id"":3449,""classifications_count"":267,""created_at"":""2017-04-03T18:02:42.867Z"",""updated_at"":""2017-04-17T19:38:58.403Z"",""retired_at"":""2017-04-17T19:38:58.335Z"",""subject_id"":8735443,""retirement_reason"":""classification_count""},"""":"""",""latitude"":""-37.55259944"",""longitude"":""178.1640586"",""image_name"":""PDL_11610_br_K_X100_00115.jpg"",""collector_name"":""Peter de Lange"",""data_collected"":""Jan 25, 2009"",""other comments"":""On cobbled beach, corticolous on pohutukawa (Metrosideros excelsa)""}}",8735443,10 and Under,Good,-89.65815027205774,653.95681409,293.17416422,112.80514172678478,694.0,246.0,621.0,332.0,93.60555539069249,620.0,264.0,691.0,325.0
0,115006009,not-logged-in-e6dac9dc08c249e59599,2018-06-21 13:21,"{""8735443"":{""retired"":{""id"":5262696,""workflow_id"":3449,""classifications_count"":267,""created_at"":""2017-04-03T18:02:42.867Z"",""updated_at"":""2017-04-17T19:38:58.403Z"",""retired_at"":""2017-04-17T19:38:58.335Z"",""subject_id"":8735443,""retirement_reason"":""classification_count""},"""":"""",""latitude"":""-37.55259944"",""longitude"":""178.1640586"",""image_name"":""PDL_11610_br_K_X100_00115.jpg"",""collector_name"":""Peter de Lange"",""data_collected"":""Jan 25, 2009"",""other comments"":""On cobbled beach, corticolous on pohutukawa (Metrosideros excelsa)""}}",8735443,10 and Under,Good,-88.66712551428401,218.32639685,362.32328363,157.99050604387594,232.0,277.0,207.0,433.0,77.27871634544663,184.0,356.0,260.0,370.0
0,115006009,not-logged-in-e6dac9dc08c249e59599,2018-06-21 13:21,"{""8735443"":{""retired"":{""id"":5262696,""workflow_id"":3449,""classifications_count"":267,""created_at"":""2017-04-03T18:02:42.867Z"",""updated_at"":""2017-04-17T19:38:58.403Z"",""retired_at"":""2017-04-17T19:38:58.335Z"",""subject_id"":8735443,""retirement_reason"":""classification_count""},"""":"""",""latitude"":""-37.55259944"",""longitude"":""178.1640586"",""image_name"":""PDL_11610_br_K_X100_00115.jpg"",""collector_name"":""Peter de Lange"",""data_collected"":""Jan 25, 2009"",""other comments"":""On cobbled beach, corticolous on pohutukawa (Metrosideros excelsa)""}}",8735443,10 and Under,Good,-85.60129464500447,115.32891247,434.0530504,120.41594578792295,120.0,378.0,110.0,498.0,62.80127387243033,84.0,429.0,146.0,439.0
0,115006283,not-logged-in-e6dac9dc08c249e59599,2018-06-21 13:25,"{""8735438"":{""retired"":{""id"":5261964,""workflow_id"":3449,""classifications_count"":250,""created_at"":""2017-04-03T17:20:26.096Z"",""updated_at"":""2017-04-19T15:55:10.679Z"",""retired_at"":""2017-04-19T15:55:10.667Z"",""subject_id"":8735438,""retirement_reason"":""classification_count""},"""":"""",""latitude"":""-54.97083333"",""longitude"":""-69.13055556"",""image_name"":""JE_26184_br_x100_00011.jpg"",""collector_name"":""John J. Engel"",""data_collected"":""Jan 19, 2005"",""other comments"":""On trunk of large Nothofagus betuloides.""}}",8735438,11-17 years,Good,-86.3540976946078,506.8281391,445.94454085,146.2087548678259,457.0,381.0,546.0,497.0,98.73702446397704,465.0,474.0,547.0,419.0
0,115006283,not-logged-in-e6dac9dc08c249e59599,2018-06-21 13:25,"{""8735438"":{""retired"":{""id"":5261964,""workflow_id"":3449,""classifications_count"":250,""created_at"":""2017-04-03T17:20:26.096Z"",""updated_at"":""2017-04-19T15:55:10.679Z"",""retired_at"":""2017-04-19T15:55:10.667Z"",""subject_id"":8735438,""retirement_reason"":""classification_count""},"""":"""",""latitude"":""-54.97083333"",""longitude"":""-69.13055556"",""image_name"":""JE_26184_br_x100_00011.jpg"",""collector_name"":""John J. Engel"",""data_collected"":""Jan 19, 2005"",""other comments"":""On trunk of large Nothofagus betuloides.""}}",8735438,11-17 years,Good,-82.14797839447337,253.30912725,442.30646236,164.34719346554112,183.0,380.0,306.0,489.0,92.19544457292888,221.0,470.0,291.0,410.0
0,115006283,not-logged-in-e6dac9dc08c249e59599,2018-06-21 13:25,"{""8735438"":{""retired"":{""id"":5261964,""workflow_id"":3449,""classifications_count"":250,""created_at"":""2017-04-03T17:20:26.096Z"",""updated_at"":""2017-04-19T15:55:10.679Z"",""retired_at"":""2017-04-19T15:55:10.667Z"",""subject_id"":8735438,""retirement_reason"":""classification_count""},"""":"""",""latitude"":""-54.97083333"",""longitude"":""-69.13055556"",""image_name"":""JE_26184_br_x100_00011.jpg"",""collector_name"":""John J. Engel"",""data_collected"":""Jan 19, 2005"",""other comments"":""On trunk of large Nothofagus betuloides.""}}",8735438,11-17 years,Good,85.03910586494595,381.33965015,132.29883382,171.67993476233616,299.0,187.0,442.0,92.0,88.23831367382311,354.0,98.0,409.0,167.0
0,115006283,not-logged-in-e6dac9dc08c249e59599,2018-06-21 13:25,"{""8735438"":{""retired"":{""id"":5261964,""workflow_id"":3449,""classifications_count"":250,""created_at"":""2017-04-03T17:20:26.096Z"",""updated_at"":""2017-04-19T15:55:10.679Z"",""retired_at"":""2017-04-19T15:55:10.667Z"",""subject_id"":8735438,""retirement_reason"":""classification_count""},"""":"""",""latitude"":""-54.97083333"",""longitude"":""-69.13055556"",""image_name"":""JE_26184_br_x100_00011.jpg"",""collector_name"":""John J. Engel"",""data_collected"":""Jan 19, 2005"",""other comments"":""On trunk of large Nothofagus betuloides.""}}",8735438,11-17 years,Good,82.53017043552171,614.60407399,73.66658862,173.4156855650607,658.0,34.0,530.0,151.0,99.35793878699377,577.0,42.0,653.0,106.0
0,115006283,not-logged-in-e6dac9dc08c249e59599,2018-06-21 13:25,"{""8735438"":{""retired"":{""id"":5261964,""workflow_id"":3449,""classifications_count"":250,""created_at"":""2017-04-03T17:20:26.096Z"",""updated_at"":""2017-04-19T15:55:10.679Z"",""retired_at"":""2017-04-19T15:55:10.667Z"",""subject_id"":8735438,""retirement_reason"":""classification_count""},"""":"""",""latitude"":""-54.97083333"",""longitude"":""-69.13055556"",""image_name"":""JE_26184_br_x100_00011.jpg"",""collector_name"":""John J. Engel"",""data_collected"":""Jan 19, 2005"",""other comments"":""On trunk of large Nothofagus betuloides.""}}",8735438,11-17 years,Good,-89.37048135957158,157.84776119,138.12892982,162.1141573089778,77.0,184.0,218.0,104.0,97.12878049270464,134.0,95.0,181.0,180.0
